title,length,size
11.22.63,0,4110978950
24,0,4142238779
30 for 30,0,79200124040
30 for 30 Shorts,0,12464278663
Ahsoka,0,2752478645
American Crime Story,0,3397674549
Andor,0,6326545523
Arrested Development,0,8981630845
Band of Brothers,0,10349293170
Batman Beyond,0,7393589533
Batman: The Animated Series,0,39140948705
The Bear,0,9127504090
Better Call Saul,0,19321069976
Bewitched,0,10229170062
The Bible,0,11561894226
Billions,0,23252866072
The Book of Boba Fett,0,6469376036
The Boys,0,4347345636
The Brady Bunch,0,21851876864
Breaking Bad,0,24779628622
Brooklyn Nine-Nine,0,32297767667
Chappelle's Show,0,11739308480
Cheers,0,45886800860
Columbo,0,21809064089
Community,0,22219867830
The Crown,0,15835248185
Curb Your Enthusiasm,0,37309356387
Dexter,0,15636856423
Drake & Josh,0,10428622848
ESPN Films Presents,0,2458548983
Family Guy,0,65287965947
Frasier,0,49948013980
Frasier (2023),0,6449151021
Full House,0,34788804218
Game of Thrones,0,52679942989
Gotham,0,36348139723
Happy Days,0,22145224122
Hogan's Heroes,0,36131477450
The Honeymooners,0,14527164644
It's Always Sunny in Philadelphia,0,55414540257
John Adams,0,2611181913
Jonny Quest,0,18312222992
Justice League,0,17645574623
Justice League Unlimited,0,10137865152
Kevin Can F**k Himself,0,4854156873
Key & Peele,0,11343191037
The Last Dance,0,24992812769
Leave It to Beaver,0,213656524205
LOONEY TUNES GOLDEN COLLECTION,0,6029568438
Louie (2010),0,22777473542
The Magic School Bus,0,19843856629
Malcolm in the Middle,0,28710961820
The Mandalorian,0,14205851196
Mannix,0,62917856510
Mare of Easttown,0,2171851855
The Mary Tyler Moore Show,0,41734023683
Masters of the Air,0,41518095602
Mrs. Davis,0,2714648687
Nathan for You,0,4321791680
The New Batman Adventures,0,4706350495
Obi-Wan Kenobi,0,1365347338
The Office (US),0,46918428494
The Pacific,0,12062328312
Parks and Recreation,0,39038068034
The Partridge Family,0,12993309992
Peaky Blinders,0,11755954586
Rick and Morty,0,33292792022
The Scooby-Doo Show,0,8005222400
"Scooby-Doo, Where Are You!",0,59489091498
Scrubs,0,61073911887
Seinfeld,0,38309464434
The Sopranos,0,34575836228
South Park,0,51986419647
SpongeBob SquarePants,0,29400590810
Star Trek,0,22341960031
Star Wars: Clone Wars,0,951026048
Star Wars: Tales of the Jedi,0,410553448
Star Wars: The Bad Batch,0,12629490639
Star Wars: The Clone Wars,0,34695667078
Starsky & Hutch,0,35916772444
Succession,0,17356741563
Superman: The Animated Series,0,12784168960
ted,0,3024624358
The Terminal List,0,2111988378
Tom and Jerry,0,10940127232
The Twilight Zone,0,29092690306
Waco,0,3482737327
The Wire,0,293566413
The Wonder Years,0,27617697069
